1,1,"1729957945"
2,1,"1729954345"
3,1,"1729984833"
4,9,"1729987314"
5,9,"1729987873"
6,9,"1729988153"
7,9,"1729988163"
8,9,"1729988173"
9,9,"1729988183"
10,9,"1729988194"
11,9,"1729988204"
12,9,"1729988214"
13,9,"1729988224"
14,9,"1729988234"
15,9,"1729988244"
16,9,"1729988254"
17,9,"1729988264"
18,9,"1729988274"
19,9,"1729988284"
20,9,"1729988295"
21,9,"1729988305"
22,9,"1729988315"
23,9,"1729988325"
24,9,"1729988335"
25,9,"1729988345"
26,9,"1729988355"
27,9,"1729988365"
28,9,"1729988375"
29,9,"1729988386"
30,9,"1729988396"
31,9,"1729988406"
32,9,"1729988416"
33,9,"1729988426"
34,9,"1729988436"
35,9,"1729988446"
36,9,"1729988456"
37,9,"1729988466"
38,9,"1729988476"
39,9,"1729988487"
40,9,"1729988497"
41,9,"1729988507"
42,9,"1729988517"
43,9,"1729988527"
44,9,"1729988537"
45,9,"1729988547"
46,9,"1729988557"
47,9,"1729988567"
48,9,"1729988578"
49,9,"1729988588"
50,9,"1729988598"
51,9,"1729988608"
52,9,"1729988618"
53,9,"1729988628"
54,9,"1729988638"
55,9,"1729988648"
56,9,"1729988658"
57,9,"1729988669"
58,9,"1729988679"
59,9,"1729988689"
60,9,"1729988699"
61,9,"1729988709"
62,9,"1729988719"
63,9,"1729988729"
64,9,"1729988739"
65,9,"1729988749"
66,9,"1729988760"
67,9,"1729988770"
68,9,"1729988780"
69,9,"1729988790"
70,9,"1729988800"
71,9,"1729988810"
72,9,"1729988820"
73,9,"1729988830"
74,9,"1729988840"
75,9,"1729988851"
76,9,"1729988861"
77,9,"1729988871"
78,9,"1729988881"
79,9,"1729988891"
80,9,"1729988901"
81,9,"1729988911"
82,9,"1729988921"
83,9,"1729988931"
84,9,"1729988941"
85,9,"1729988951"
86,9,"1729988962"
87,9,"1729988972"
88,9,"1729988982"
89,9,"1729988992"
90,9,"1729989002"
91,9,"1729989012"
92,9,"1729989022"
93,9,"1729989032"
94,9,"1729989042"
95,9,"1729989052"
96,9,"1729989063"
97,9,"1729989073"
98,9,"1729989083"
99,9,"1729989093"
100,9,"1729989103"
101,9,"1729989113"
102,9,"1729989123"
103,9,"1729989133"
104,9,"1729989143"
105,9,"1729989153"
106,9,"1729989164"
107,9,"1729989174"
108,9,"1729989184"
109,9,"1729989194"
110,9,"1729989204"
111,9,"1729989214"
112,9,"1729989224"
113,9,"1729989234"
114,9,"1729989244"
115,9,"1729989255"
116,9,"1729989265"
117,9,"1729989275"
118,9,"1729989285"
119,9,"1729989295"
120,9,"1729989305"
121,9,"1729989315"
122,9,"1729989325"
123,9,"1729989335"
124,9,"1729989346"
125,9,"1729989356"
126,9,"1729989366"
127,9,"1729989376"
128,9,"1729989386"
129,9,"1729989396"
130,9,"1729989406"
131,9,"1729989416"
132,9,"1729989426"
133,9,"1729989436"
134,9,"1729989447"
135,9,"1729989457"
136,9,"1729989467"
137,9,"1729989477"
138,9,"1729989487"
139,9,"1729989497"
140,9,"1729989507"
141,9,"1729989517"
142,9,"1729989527"
143,9,"1729989537"
144,9,"1729989548"
145,9,"1729989558"
146,9,"1729989568"
147,9,"1729989578"
148,9,"1729989588"
149,9,"1729989598"
150,9,"1729989608"
151,9,"1729989618"
152,9,"1729989628"
153,9,"1729989639"
154,9,"1729989649"
155,9,"1729989659"
156,9,"1729989669"
157,9,"1729989679"
158,9,"1729989689"
159,9,"1729989699"
160,9,"1729989709"
161,9,"1729989719"
162,9,"1729989730"
163,9,"1729989740"
164,9,"1729989750"
165,9,"1729989760"
166,9,"1729989770"
167,9,"1729989780"
168,9,"1729989790"
169,9,"1729989800"
170,9,"1729989810"
171,9,"1729989820"
172,9,"1729989831"
173,9,"1729989841"
174,9,"1729989851"
175,9,"1729989861"
176,9,"1729989871"
177,9,"1729989881"
178,9,"1729989891"
179,9,"1729989901"
180,9,"1729989911"
181,9,"1729989921"
182,9,"1729989931"
183,9,"1729989942"
184,9,"1729989952"
185,9,"1729989962"
186,9,"1729989972"
187,9,"1729989982"
188,9,"1729989992"
189,9,"1729990002"
190,9,"1729990012"
191,9,"1729990022"
192,9,"1729990032"
193,9,"1729990042"
194,9,"1729990053"
195,9,"1729990063"
196,9,"1729990073"
197,9,"1729990083"
198,9,"1729990093"
199,9,"1729990103"
200,9,"1729990113"
201,9,"1729990123"
202,9,"1729990133"
203,9,"1729990143"
204,9,"1729990153"
205,9,"1729990163"
206,9,"1729990174"
207,9,"1729990184"
208,9,"1729990194"
209,9,"1729990204"
210,9,"1729990214"
211,9,"1729990224"
212,9,"1729990234"
213,9,"1729990244"
214,9,"1729990254"
215,9,"1729990264"
216,9,"1729990275"
217,9,"1729990285"
218,9,"1729990295"
219,9,"1729990305"
220,9,"1729990315"
221,9,"1729990325"
222,9,"1729990335"
223,9,"1729990345"
224,9,"1729990355"
225,9,"1729990365"
226,9,"1729990375"
227,9,"1729990385"
228,9,"1729990395"
229,9,"1729990405"
230,9,"1729990416"
231,9,"1729990426"
232,9,"1729990436"
233,9,"1729990446"
234,9,"1729990456"
235,9,"1729990466"
236,9,"1729990476"
237,9,"1729990486"
238,9,"1729990496"
239,9,"1729990506"
240,9,"1729990516"
241,9,"1729990526"
242,9,"1729990536"
243,9,"1729990546"
244,9,"1729990556"
245,9,"1729990567"
246,9,"1729990577"
247,9,"1729990587"
248,9,"1729990597"
249,9,"1729990607"
250,9,"1729990617"
251,9,"1729990627"
252,9,"1729990637"
253,9,"1729990647"
254,9,"1729990657"
255,9,"1729990667"
256,9,"1729990677"
257,9,"1729990687"
258,9,"1729990698"
259,9,"1729990708"
260,9,"1729990718"
261,9,"1729990728"
262,9,"1729990738"
263,9,"1729990748"
264,9,"1729990758"
265,9,"1729990768"
266,9,"1729990778"
267,9,"1729990788"
268,9,"1729990798"
269,9,"1729990808"
270,9,"1729990819"
271,9,"1729990829"
272,9,"1729990839"
273,9,"1729990849"
274,9,"1729990859"
275,9,"1729990869"
276,9,"1729990879"
277,9,"1729990889"
278,9,"1729990899"
279,9,"1729990909"
280,9,"1729990919"
281,9,"1729990929"
282,9,"1729990939"
283,9,"1729990950"
284,9,"1729990960"
285,9,"1729990970"
286,9,"1729990980"
287,9,"1729990990"
288,9,"1729991000"
289,9,"1729991010"
290,9,"1729991020"
291,9,"1729991030"
292,9,"1729991040"
293,9,"1729991050"
294,9,"1729991060"
295,9,"1729991070"
296,9,"1729991080"
297,9,"1729991091"
298,9,"1729991101"
299,9,"1729991111"
300,9,"1729991121"
301,9,"1729991131"
302,9,"1729991141"
303,9,"1729991151"
304,9,"1729991161"
305,9,"1729991171"
306,9,"1729991181"
307,9,"1729991191"
308,9,"1729991201"
309,9,"1729991211"
310,9,"1729991222"
311,9,"1729991232"
312,9,"1729991242"
313,9,"1729991252"
314,9,"1729991262"
315,9,"1729991272"
316,9,"1729991282"
317,9,"1729991292"
318,9,"1729991302"
319,9,"1729991312"
320,9,"1729991322"
321,9,"1729991332"
322,9,"1729991342"
323,9,"1729991352"
324,9,"1729991362"
325,9,"1729991373"
326,9,"1729991383"
327,9,"1729991393"
328,9,"1729991403"
329,9,"1729991413"
330,9,"1729991423"
331,9,"1729991433"
332,9,"1729991443"
333,9,"1729991453"
334,9,"1729991463"
335,9,"1729991473"
336,9,"1729991483"
337,9,"1729991493"
338,9,"1729991503"
339,9,"1729991514"
340,9,"1729991524"
341,9,"1729991534"
342,9,"1729991544"
343,9,"1729991554"
344,9,"1729991564"
345,9,"1729991574"
346,9,"1729991584"
347,9,"1729991594"
348,9,"1729991604"
349,9,"1729991614"
350,9,"1729991624"
351,9,"1729991634"
352,9,"1729991645"
353,9,"1729991655"
354,9,"1729991665"
355,9,"1729991675"
356,9,"1729991685"
357,9,"1729991695"
358,9,"1729991705"
359,9,"1729991715"
360,9,"1729991725"
361,9,"1729991735"
362,9,"1729991745"
363,9,"1729991755"
364,9,"1729991765"
365,9,"1729991775"
366,9,"1729991785"
367,9,"1729991796"
368,9,"1729991806"
369,9,"1729991816"
370,9,"1729991826"
371,9,"1729991836"
372,9,"1729991846"
373,9,"1729991856"
374,9,"1729991866"
375,9,"1729991876"
376,9,"1729991886"
377,9,"1729991896"
378,9,"1729991907"
379,9,"1729991917"
380,9,"1729991927"
381,9,"1729991937"
382,9,"1729991947"
383,9,"1729991957"
384,9,"1729991967"
385,9,"1729991977"
386,9,"1729991987"
387,9,"1729991997"
388,9,"1729992007"
389,9,"1729992017"
390,9,"1729992027"
391,9,"1729992038"
392,9,"1729992048"
393,9,"1729992058"
